{"$schema":"http://schema.management.azure.com/schemas/2015-01-01/deploymentTemplate.json#","contentVersion":"1.0.0.0","parameters":{},"variables":{},"resources":[{"name":"pipeline_Week4_Day4_Orchestration","type":"pipelines","apiVersion":"2018-06-01","properties":{"activities":[{"name":"Notebook1","type":"TridentNotebook","dependsOn":[],"policy":{"timeout":"0.12:00:00","retry":0,"retryIntervalInSeconds":30,"secureOutput":false,"secureInput":false},"typeProperties":{"notebookId":"0ce94b18-e639-4b9c-be8b-a93a63fae436","workspaceId":"b5c641fb-9a16-468c-9cdb-c7a4df5e97da"}},{"name":"Notebook2","type":"TridentNotebook","dependsOn":[],"policy":{"timeout":"0.12:00:00","retry":0,"retryIntervalInSeconds":30,"secureOutput":false,"secureInput":false},"typeProperties":{"notebookId":"5595e097-28b2-4718-96fe-14f7c93421e2","workspaceId":"b5c641fb-9a16-468c-9cdb-c7a4df5e97da"}}],"lastModifiedByObjectId":"d2568eed-bb2b-4699-bc11-5643370484ee","lastPublishTime":"2025-12-30T15:17:49Z"},"dependsOn":[]}]}